{
	"info": {
		"_postman_id": "3e72e63a-d587-4bde-9f38-7ac2068d2d32",
		"name": "DBMS",
		"schema": "https://schema.getpostman.com/json/collection/v2.1.0/collection.json",
		"_exporter_id": "36020151"
	},
	"item": [
		{
			"name": "Role",
			"item": [
				{
					"name": "role:id",
					"request": {
						"method": "GET",
						"header": [],
						"url": {
							"raw": "{{base_url}}meta/role",
							"host": [
								"{{base_url}}meta"
							],
							"path": [
								"role"
							]
						}
					},
					"response": []
				},
				{
					"name": "addrole",
					"request": {
						"method": "POST",
						"header": [],
						"body": {
							"mode": "raw",
							"raw": "{\r\n    \"short_name\":[\"SA\",\"M\",\"TL\",\"TM\",\"THP\",\"QC\"],\r\n    \"role_name\":[\"Super Admin\",\"Manager\",\"Team Lead\",\"Team Member\",\"Team Handling Person\",\"Quality Control\"],\r\n    \"role_type\":[\"super_admin\",\"manager\",\"team_lead\",\"team_member\",\"team_handling_person\",\"quality_control\"]\r\n}",
							"options": {
								"raw": {
									"language": "json"
								}
							}
						},
						"url": {
							"raw": "{{base_url}}meta/addrole",
							"host": [
								"{{base_url}}meta"
							],
							"path": [
								"addrole"
							]
						}
					},
					"response": []
				},
				{
					"name": "updaterole",
					"request": {
						"method": "PUT",
						"header": [],
						"body": {
							"mode": "raw",
							"raw": "{\r\n    \"role_id\": 1,\r\n    \"short_name\":\"SA\",\r\n    \"role_name\": \"Super Admin\",\r\n    \"role_type\": \"super_admin\",\r\n    \"role_status\": 1\r\n}",
							"options": {
								"raw": {
									"language": "json"
								}
							}
						},
						"url": {
							"raw": "{{base_url}}meta/updaterole",
							"host": [
								"{{base_url}}meta"
							],
							"path": [
								"updaterole"
							]
						}
					},
					"response": []
				},
				{
					"name": "add access option",
					"request": {
						"method": "POST",
						"header": [],
						"body": {
							"mode": "raw",
							"raw": "{\r\n    \"option_name\":[\"SA\"]\r\n}",
							"options": {
								"raw": {
									"language": "json"
								}
							}
						},
						"url": {
							"raw": "{{base_url}}meta/addaccessoption",
							"host": [
								"{{base_url}}meta"
							],
							"path": [
								"addaccessoption"
							]
						}
					},
					"response": []
				}
			]
		},
		{
			"name": "Menu",
			"item": [
				{
					"name": "getmenu",
					"request": {
						"method": "GET",
						"header": [],
						"url": {
							"raw": "{{base_url}}meta/getmenu",
							"host": [
								"{{base_url}}meta"
							],
							"path": [
								"getmenu"
							]
						}
					},
					"response": []
				},
				{
					"name": "add menu",
					"request": {
						"method": "POST",
						"header": [],
						"body": {
							"mode": "raw",
							"raw": "{\r\n    \"menu_name\":[\"Dashboard\",\"Companies\",\"Works\",\"Keywords\",\"Sources\",\"Query Controls\",\"Task Management\",\"Bulk Task Allotment\",\"Quality Control\",\"Download Controls\",\"DBMS Search Engine\",\"Super Admin\"]\r\n}",
							"options": {
								"raw": {
									"language": "json"
								}
							}
						},
						"url": {
							"raw": "{{base_url}}meta/menu",
							"host": [
								"{{base_url}}meta"
							],
							"path": [
								"menu"
							]
						}
					},
					"response": []
				},
				{
					"name": "updatemenu",
					"request": {
						"method": "PUT",
						"header": [],
						"body": {
							"mode": "raw",
							"raw": "{\r\n    \"id\": 1,\r\n    \"menu_name\": \"Dashboard\",\r\n    \"status\": 1\r\n}",
							"options": {
								"raw": {
									"language": "json"
								}
							}
						},
						"url": {
							"raw": "{{base_url}}meta/updatemenu",
							"host": [
								"{{base_url}}meta"
							],
							"path": [
								"updatemenu"
							]
						}
					},
					"response": []
				},
				{
					"name": "getsub categories",
					"request": {
						"method": "GET",
						"header": [],
						"url": {
							"raw": "{{base_url}}meta/getsubmenu/19",
							"host": [
								"{{base_url}}meta"
							],
							"path": [
								"getsubmenu",
								"19"
							]
						}
					},
					"response": []
				},
				{
					"name": "add submenu",
					"request": {
						"method": "POST",
						"header": [],
						"body": {
							"mode": "raw",
							"raw": "{\r\n    \"data\": [\r\n        {\r\n            \"menu_id\": 4,\r\n            \"submenu_name\": [\r\n                \"Keyword Search\",\r\n                \"Add Keyword\",\r\n                \"All Keywords\"\r\n            ]\r\n        },\r\n        {\r\n            \"menu_id\": 5,\r\n            \"submenu_name\": [\r\n                \"Source Search\",\r\n                \"Add Source\",\r\n                \"All Sources\",\r\n                \"Sources Origin\",\r\n                \"Conference Documents\"\r\n            ]\r\n        },\r\n        {\r\n            \"menu_id\": 6,\r\n            \"submenu_name\": [\r\n                \"Data Approval Center\",\r\n                \"Keyword Approval Center\",\r\n                \"Source Approval Center\"\r\n            ]\r\n        },\r\n        {\r\n            \"menu_id\": 10,\r\n            \"submenu_name\": [\r\n                \"Download Filters\",\r\n                \"Download Limits\"\r\n            ]\r\n        },\r\n        {\r\n            \"menu_id\": 12,\r\n            \"submenu_name\": [\r\n                \"User Accounts\",\r\n                \"User Reports\",\r\n                \"Cluster In Process Datasets\",\r\n                \"Panel Control\",\r\n                \"Panel Logs\"\r\n            ]\r\n        }\r\n    ]\r\n}",
							"options": {
								"raw": {
									"language": "json"
								}
							}
						},
						"url": {
							"raw": "{{base_url}}meta/submenus",
							"host": [
								"{{base_url}}meta"
							],
							"path": [
								"submenus"
							]
						}
					},
					"response": []
				},
				{
					"name": "add subchild",
					"request": {
						"method": "POST",
						"header": [],
						"body": {
							"mode": "raw",
							"raw": "{\r\n    \"submenu_id\": 12,\r\n    \"child_name\": [\r\n        \"Filter Data Sets\",\r\n        \"Filter Rules\"\r\n    ]\r\n}",
							"options": {
								"raw": {
									"language": "json"
								}
							}
						},
						"url": {
							"raw": "{{base_url}}meta/subchild",
							"host": [
								"{{base_url}}meta"
							],
							"path": [
								"subchild"
							]
						}
					},
					"response": []
				},
				{
					"name": "update submenu",
					"request": {
						"method": "PUT",
						"header": [],
						"body": {
							"mode": "raw",
							"raw": "{\r\n    \"id\": 20,\r\n    \"submenu_id\": 12\r\n}",
							"options": {
								"raw": {
									"language": "json"
								}
							}
						},
						"url": {
							"raw": "{{base_url}}meta/updatesubmenu",
							"host": [
								"{{base_url}}meta"
							],
							"path": [
								"updatesubmenu"
							]
						}
					},
					"response": []
				},
				{
					"name": "get menu list",
					"request": {
						"method": "GET",
						"header": [],
						"url": {
							"raw": "{{base_url}}meta/getmenulist",
							"host": [
								"{{base_url}}meta"
							],
							"path": [
								"getmenulist"
							]
						}
					},
					"response": []
				},
				{
					"name": "global source data",
					"request": {
						"method": "GET",
						"header": [],
						"url": {
							"raw": "{{base_url}}meta/getmenulist",
							"host": [
								"{{base_url}}meta"
							],
							"path": [
								"getmenulist"
							]
						}
					},
					"response": []
				}
			]
		},
		{
			"name": "User",
			"item": [
				{
					"name": "users list",
					"request": {
						"method": "GET",
						"header": [],
						"url": {
							"raw": "{{base_url}}auth/users-list/1",
							"host": [
								"{{base_url}}auth"
							],
							"path": [
								"users-list",
								"1"
							]
						}
					},
					"response": []
				},
				{
					"name": "add user",
					"request": {
						"method": "POST",
						"header": [],
						"body": {
							"mode": "raw",
							"raw": "{\r\n    \"full_name\": \"ranjith_g\",\r\n    \"user_name\": \"ranjith_g@magnusgroup.co.in\",\r\n    \"password\": \"123456\",\r\n    \"role_type\": 1\r\n}",
							"options": {
								"raw": {
									"language": "json"
								}
							}
						},
						"url": {
							"raw": "{{base_url}}auth/add-user",
							"host": [
								"{{base_url}}auth"
							],
							"path": [
								"add-user"
							]
						}
					},
					"response": []
				},
				{
					"name": "login",
					"request": {
						"method": "POST",
						"header": [],
						"body": {
							"mode": "raw",
							"raw": "{\r\n    \"user_name\": \"ranjith_g@magnusgroup.co.in\",\r\n    \"password\": \"123456\"\r\n}",
							"options": {
								"raw": {
									"language": "json"
								}
							}
						},
						"url": {
							"raw": "{{base_url}}auth/login",
							"host": [
								"{{base_url}}auth"
							],
							"path": [
								"login"
							]
						}
					},
					"response": []
				},
				{
					"name": "set-logs",
					"request": {
						"method": "POST",
						"header": [
							{
								"key": "authorization",
								"value": "eyJhbGciOiJIUzI1NiIsInR5cCI6IkpXVCJ9.eyJ1c2VySWQiOjIsInJvbGUiOjEsImlhdCI6MTcyMDE3MzYxNiwiZXhwIjoxNzIwMTc3MjE2fQ.-QHQjTYul-OTl8UJtE62982kuZF4YYmgHhh97R5IMVI",
								"type": "text"
							}
						],
						"body": {
							"mode": "raw",
							"raw": "{\r\n    \"user_id\": 1,\r\n    // \"log_type\": \"Log In\"\r\n    \"log_type\": \"Log Out\"\r\n}",
							"options": {
								"raw": {
									"language": "json"
								}
							}
						},
						"url": {
							"raw": "{{base_url}}auth/set-logs",
							"host": [
								"{{base_url}}auth"
							],
							"path": [
								"set-logs"
							]
						}
					},
					"response": []
				},
				{
					"name": "get-logs",
					"protocolProfileBehavior": {
						"disableBodyPruning": true
					},
					"request": {
						"method": "GET",
						"header": [
							{
								"key": "authorization",
								"value": "eyJhbGciOiJIUzI1NiIsInR5cCI6IkpXVCJ9.eyJ1c2VySWQiOjIsInJvbGUiOjEsImlhdCI6MTcyMDQzMzE4MywiZXhwIjoxNzIwNDM2NzgzfQ.-jzvmZx6p26UBYnFpk0ne-g8jPoGdbHa1qZvGJuJC_Q",
								"type": "text"
							}
						],
						"body": {
							"mode": "raw",
							"raw": "",
							"options": {
								"raw": {
									"language": "json"
								}
							}
						},
						"url": {
							"raw": "{{base_url}}auth/get-logs",
							"host": [
								"{{base_url}}auth"
							],
							"path": [
								"get-logs"
							]
						}
					},
					"response": []
				}
			]
		},
		{
			"name": "Companies",
			"item": [
				{
					"name": "companies info",
					"request": {
						"method": "GET",
						"header": [],
						"url": {
							"raw": "{{base_url}}companies/info/1",
							"host": [
								"{{base_url}}companies"
							],
							"path": [
								"info",
								"1"
							]
						}
					},
					"response": []
				},
				{
					"name": "add company info",
					"request": {
						"method": "POST",
						"header": [],
						"body": {
							"mode": "raw",
							"raw": "{\r\n    \"company_name\": \"jayaram\",\r\n    \"company_url\": \"jk.com\",\r\n    \"post_panel_url\": [\"jak212\",\"jak234\"],\r\n    \"cms_url\": \"jai4@gmail.com\",\r\n    \"description\": \"testing\"\r\n}",
							"options": {
								"raw": {
									"language": "json"
								}
							}
						},
						"url": {
							"raw": "http://localhost:3000/api/companies/add/info",
							"protocol": "http",
							"host": [
								"localhost"
							],
							"port": "3000",
							"path": [
								"api",
								"companies",
								"add",
								"info"
							]
						}
					},
					"response": []
				},
				{
					"name": "update company info",
					"request": {
						"method": "PUT",
						"header": [],
						"body": {
							"mode": "raw",
							"raw": "{\r\n    \"company_id\": 1,\r\n    \"company_name\": \"jaya\",\r\n    \"company_url\": \"123456\",\r\n    \"post_panel_url\": [\"test\",\"test1\"],\r\n    \"cms_url\": \"jai4@gmail.com\",\r\n    \"country\": \"jai\",\r\n    \"description\": \"vayala\",\r\n    \"status\":1\r\n}",
							"options": {
								"raw": {
									"language": "json"
								}
							}
						},
						"url": {
							"raw": "http://localhost:3000/api/companies/update/info",
							"protocol": "http",
							"host": [
								"localhost"
							],
							"port": "3000",
							"path": [
								"api",
								"companies",
								"update",
								"info"
							]
						}
					},
					"response": []
				}
			]
		},
		{
			"name": "Works",
			"item": [
				{
					"name": "works info",
					"request": {
						"method": "GET",
						"header": [],
						"url": {
							"raw": "{{base_url}}works/info/1",
							"host": [
								"{{base_url}}works"
							],
							"path": [
								"info",
								"1"
							]
						}
					},
					"response": []
				},
				{
					"name": "add work info",
					"request": {
						"method": "POST",
						"header": [],
						"body": {
							"mode": "raw",
							"raw": "{\r\n    \"full_name\": \"jayaram\",\r\n    \"short_name\": \"jk.com\",\r\n    \"company_id\": 1,\r\n    \"manager_id\": 1,\r\n    \"team_lead_id\": 1,\r\n    \"team_member_id\": 1\r\n}",
							"options": {
								"raw": {
									"language": "json"
								}
							}
						},
						"url": {
							"raw": "{{base_url}}works/add/info",
							"host": [
								"{{base_url}}works"
							],
							"path": [
								"add",
								"info"
							]
						}
					},
					"response": []
				},
				{
					"name": "update work info",
					"request": {
						"method": "PUT",
						"header": [],
						"body": {
							"mode": "raw",
							"raw": "{\r\n    \"work_id\": 1,\r\n    \"full_name\": \"jayaram vayala\",\r\n    \"short_name\": \"jk.com\",\r\n    \"company_id\": 1,\r\n    \"manager_id\": 1,\r\n    \"team_lead_id\": 1,\r\n    \"team_member_id\": 1,\r\n    \"status\":1\r\n}",
							"options": {
								"raw": {
									"language": "json"
								}
							}
						},
						"url": {
							"raw": "{{base_url}}works/update/info",
							"host": [
								"{{base_url}}works"
							],
							"path": [
								"update",
								"info"
							]
						}
					},
					"response": []
				}
			]
		},
		{
			"name": "Sources",
			"item": [
				{
					"name": "origin",
					"request": {
						"method": "GET",
						"header": [],
						"url": {
							"raw": "{{base_url}}source/origin/1",
							"host": [
								"{{base_url}}source"
							],
							"path": [
								"origin",
								"1"
							]
						}
					},
					"response": []
				},
				{
					"name": "add origin",
					"request": {
						"method": "POST",
						"header": [],
						"body": {
							"mode": "raw",
							"raw": "{\r\n    \"source_type_id\": 3,\r\n    \"source_origin_name\": \"Univeristy of South Florida\",\r\n    \"source_origin_url\": \"https://www.usf.edu.in\"\r\n}",
							"options": {
								"raw": {
									"language": "json"
								}
							}
						},
						"url": {
							"raw": "{{base_url}}source/add/origin",
							"host": [
								"{{base_url}}source"
							],
							"path": [
								"add",
								"origin"
							]
						}
					},
					"response": []
				},
				{
					"name": "update origin",
					"request": {
						"method": "PUT",
						"header": [],
						"body": {
							"mode": "raw",
							"raw": "{\r\n    \"origin_id\": 1,\r\n    \"source_type_id\": 3,\r\n    \"source_origin_name\": \"Univeristy of South Florida\",\r\n    \"source_origin_url\": \"https://www.usf.edu.in\",\r\n    \"status\":1\r\n}",
							"options": {
								"raw": {
									"language": "json"
								}
							}
						},
						"url": {
							"raw": "{{base_url}}source/update/origin",
							"host": [
								"{{base_url}}source"
							],
							"path": [
								"update",
								"origin"
							]
						}
					},
					"response": []
				},
				{
					"name": "get source",
					"request": {
						"method": "GET",
						"header": [],
						"url": {
							"raw": "{{base_url}}source/getsource/1",
							"host": [
								"{{base_url}}source"
							],
							"path": [
								"getsource",
								"1"
							]
						}
					},
					"response": []
				},
				{
					"name": "add source",
					"request": {
						"method": "POST",
						"header": [],
						"body": {
							"mode": "raw",
							"raw": "{\r\n    \"source_type_id\": 1,\r\n    \"source_details\": {\r\n        \"source_origin_id\": \"1\",\r\n        \"journal_name\": \"test\",\r\n        \"journal_link\": \"test\",\r\n        \"journal_EISSN\": \"test\",\r\n        \"conference_name\": \"\",\r\n        \"conference_dates\": \"\",\r\n        \"conference_venue\": \"\",\r\n        \"conference_PDF\": \"\",\r\n        \"department_name\": \"\",\r\n        \"source_link\": \"test\",\r\n        \"Data_available_From\": \"test\",\r\n        \"Data_available_To\": \"test\",\r\n        \"subjects\": \"test\",\r\n        \"Remarks\": \"test\"\r\n    },\r\n    \"mapping_keywords\": {\r\n        \"mainTopic\": [\r\n            1,\r\n            2,\r\n            3,\r\n            4,\r\n            5\r\n        ],\r\n        \"subTopic\": [\r\n            9,\r\n            43,\r\n            2\r\n        ]\r\n    },\r\n    \"selected_works\": [\r\n        1,\r\n        23,\r\n        543,\r\n        45,\r\n        43\r\n    ]\r\n}",
							"options": {
								"raw": {
									"language": "json"
								}
							}
						},
						"url": {
							"raw": "{{base_url}}source/add/source",
							"host": [
								"{{base_url}}source"
							],
							"path": [
								"add",
								"source"
							]
						}
					},
					"response": []
				}
			]
		},
		{
			"name": "Keywords",
			"item": [
				{
					"name": "keyword fetch",
					"request": {
						"method": "GET",
						"header": [],
						"url": {
							"raw": "{{base_url}}keyword/fetch/1",
							"host": [
								"{{base_url}}keyword"
							],
							"path": [
								"fetch",
								"1"
							]
						}
					},
					"response": []
				},
				{
					"name": "add work info",
					"request": {
						"method": "POST",
						"header": [],
						"body": {
							"mode": "raw",
							"raw": "{\r\n    \"keyword_name\": \"jayaram2\",\r\n    \"selected_topic\": \"Main Topic\",\r\n    \"data_available_from\": 1,\r\n    \"data_available_to\": 1,\r\n    \"remarks\": 1,\r\n    \"mapping_keywords\": {\r\n        \"mainTopic\": [\r\n            1,\r\n            2,\r\n            3,\r\n            4,\r\n            5,\r\n            6\r\n        ],\r\n        \"subTopic\": [\r\n            9,\r\n            3,\r\n            2\r\n        ]\r\n    },\r\n    \"selected_works\": [\r\n        1,\r\n        2,\r\n        5,\r\n        4,\r\n        3\r\n    ]\r\n}",
							"options": {
								"raw": {
									"language": "json"
								}
							}
						},
						"url": {
							"raw": "{{base_url}}keyword/add/data",
							"host": [
								"{{base_url}}keyword"
							],
							"path": [
								"add",
								"data"
							]
						}
					},
					"response": []
				},
				{
					"name": "update work info",
					"request": {
						"method": "PUT",
						"header": [],
						"body": {
							"mode": "raw",
							"raw": "{\r\n    \"keyword_id\": 2,\r\n    \"keyword_name\": \"jayaram2\",\r\n    \"selected_topic\": \"Main Topic\",\r\n    \"data_available_from\": 1,\r\n    \"data_available_to\": 1,\r\n    \"remarks\": 1,\r\n    \"mapping_keywords\": {\r\n        \"mainTopic\": [\r\n            1,\r\n            2,\r\n            3,\r\n            4,\r\n            5,\r\n            6\r\n        ],\r\n        \"subTopic\": [\r\n            9,\r\n            3,\r\n            2\r\n        ]\r\n    },\r\n    \"selected_works\": [\r\n        1,\r\n        2,\r\n        5,\r\n        4,\r\n        3\r\n    ],\r\n    \"status\": 1\r\n}",
							"options": {
								"raw": {
									"language": "json"
								}
							}
						},
						"url": {
							"raw": "{{base_url}}keyword/update/data",
							"host": [
								"{{base_url}}keyword"
							],
							"path": [
								"update",
								"data"
							]
						}
					},
					"response": []
				},
				{
					"name": "bulk upload keywords",
					"request": {
						"method": "POST",
						"header": [],
						"body": {
							"mode": "raw",
							"raw": "{\r\n    \"bulk_upload\": [\r\n        {\r\n            \"mapped_name\": \"Earth Secience\",\r\n            \"topic_type\": \"Main Topics\"\r\n            // \"topic_type\": \"Sub Topics\"\r\n        },\r\n        {\r\n            \"mapped_name\": \"Agriculture\",\r\n            \"topic_type\": \"Main Topics\"\r\n            // \"topic_type\": \"Sub Topics\"\r\n        },\r\n        {\r\n            \"mapped_name\": \"2 Material\",\r\n            // \"topic_type\": \"Main Topics\"\r\n            \"topic_type\": \"Sub Topics\"\r\n        }\r\n    ]\r\n}",
							"options": {
								"raw": {
									"language": "json"
								}
							}
						},
						"url": {
							"raw": "{{base_url}}keyword/bulk/upload",
							"host": [
								"{{base_url}}keyword"
							],
							"path": [
								"bulk",
								"upload"
							]
						}
					},
					"response": []
				}
			]
		},
		{
			"name": "Filters",
			"item": [
				{
					"name": "data set",
					"request": {
						"method": "GET",
						"header": [],
						"url": {
							"raw": "{{base_url}}filter/dataset/1",
							"host": [
								"{{base_url}}filter"
							],
							"path": [
								"dataset",
								"1"
							]
						}
					},
					"response": []
				},
				{
					"name": "add data set",
					"request": {
						"method": "POST",
						"header": [],
						"body": {
							"mode": "raw",
							"raw": "{\r\n    \"dataset_name\": \"test\",\r\n    \"description\": \"Univeristy of South Florida\"\r\n}",
							"options": {
								"raw": {
									"language": "json"
								}
							}
						},
						"url": {
							"raw": "{{base_url}}filter/add/dataset/",
							"host": [
								"{{base_url}}filter"
							],
							"path": [
								"add",
								"dataset",
								""
							]
						}
					},
					"response": []
				},
				{
					"name": "update dataset",
					"request": {
						"method": "PUT",
						"header": [],
						"body": {
							"mode": "raw",
							"raw": "{\r\n    \"dataset_id\": 1,\r\n    \"dataset_name\": \"test\",\r\n    \"description\": \"Univeristy of South Florida\",\r\n    \"status\":1\r\n}",
							"options": {
								"raw": {
									"language": "json"
								}
							}
						},
						"url": {
							"raw": "{{base_url}}filter/update/dataset/",
							"host": [
								"{{base_url}}filter"
							],
							"path": [
								"update",
								"dataset",
								""
							]
						}
					},
					"response": []
				},
				{
					"name": "get data set rules",
					"request": {
						"method": "GET",
						"header": [],
						"url": {
							"raw": "{{base_url}}filter/getdatasetrules/1",
							"host": [
								"{{base_url}}filter"
							],
							"path": [
								"getdatasetrules",
								"1"
							]
						}
					},
					"response": []
				},
				{
					"name": "add data set rules",
					"request": {
						"method": "POST",
						"header": [],
						"body": {
							"mode": "raw",
							"raw": "{\r\n    \"filter_rule_name\": \"testing\",\r\n    \"data_set_id\": 1,\r\n    \"data_type_id\": 2,\r\n    \"selected_works\": [\r\n        1,\r\n        23,\r\n        543,\r\n        45,\r\n        43\r\n    ],\r\n    \"blacklist_whitelist\": \"remove\",\r\n    \"filter\": \"while downloading\",\r\n    \"description\": \"test\"\r\n}",
							"options": {
								"raw": {
									"language": "json"
								}
							}
						},
						"url": {
							"raw": "{{base_url}}filter/add/datasetrules",
							"host": [
								"{{base_url}}filter"
							],
							"path": [
								"add",
								"datasetrules"
							]
						}
					},
					"response": []
				},
				{
					"name": "update data set rule",
					"request": {
						"method": "PUT",
						"header": [],
						"body": {
							"mode": "raw",
							"raw": "{\r\n    \"datasetrule_id\": 1,\r\n    \"filter_rule_name\": \"testing\",\r\n    \"data_set_id\": 1,\r\n    \"data_type_id\": 2,\r\n    \"selected_works\": [\r\n        1,\r\n        23,\r\n        543,\r\n        45,\r\n        43\r\n    ],\r\n    \"blacklist_whitelist\": \"remove\",\r\n    \"filter\": \"while downloading\",\r\n    \"description\": \"test\",\r\n    \"status\":1\r\n}",
							"options": {
								"raw": {
									"language": "json"
								}
							}
						},
						"url": {
							"raw": "{{base_url}}filter/update/datasetrule/",
							"host": [
								"{{base_url}}filter"
							],
							"path": [
								"update",
								"datasetrule",
								""
							]
						}
					},
					"response": []
				}
			]
		}
	]
}